{"Andorra":{"countryName":"Andorra","countryCode":"AD"},"Dubai":{"countryName":"United Arab Emirates","countryCode":"AE"},"Kabul":{"countryName":"Afghanistan","countryCode":"AF"},"Tirane":{"countryName":"Albania","countryCode":"AL"},"Yerevan":{"countryName":"Armenia","countryCode":"AM"},"Casey":{"countryName":"Antarctica","countryCode":"AQ"},"Davis":{"countryName":"Antarctica","countryCode":"AQ"},"Mawson":{"countryName":"Antarctica","countryCode":"AQ"},"Palmer":{"countryName":"Antarctica","countryCode":"AQ"},"Rothera":{"countryName":"Antarctica","countryCode":"AQ"},"Troll":{"countryName":"Antarctica","countryCode":"AQ"},"Buenos_Aires":{"countryName":"Argentina","countryCode":"AR"},"Cordoba":{"countryName":"Argentina","countryCode":"AR"},"Salta":{"countryName":"Argentina","countryCode":"AR"},"Jujuy":{"countryName":"Argentina","countryCode":"AR"},"Tucuman":{"countryName":"Argentina","countryCode":"AR"},"Catamarca":{"countryName":"Argentina","countryCode":"AR"},"La_Rioja":{"countryName":"Argentina","countryCode":"AR"},"San_Juan":{"countryName":"Argentina","countryCode":"AR"},"Mendoza":{"countryName":"Argentina","countryCode":"AR"},"San_Luis":{"countryName":"Argentina","countryCode":"AR"},"Rio_Gallegos":{"countryName":"Argentina","countryCode":"AR"},"Ushuaia":{"countryName":"Argentina","countryCode":"AR"},"Pago_Pago":{"countryName":"Samoa (American)","countryCode":"AS"},"Vienna":{"countryName":"Austria","countryCode":"AT"},"Lord_Howe":{"countryName":"Australia","countryCode":"AU"},"Macquarie":{"countryName":"Australia","countryCode":"AU"},"Hobart":{"countryName":"Australia","countryCode":"AU"},"Melbourne":{"countryName":"Australia","countryCode":"AU"},"Sydney":{"countryName":"Australia","countryCode":"AU"},"Broken_Hill":{"countryName":"Australia","countryCode":"AU"},"Brisbane":{"countryName":"Australia","countryCode":"AU"},"Lindeman":{"countryName":"Australia","countryCode":"AU"},"Adelaide":{"countryName":"Australia","countryCode":"AU"},"Darwin":{"countryName":"Australia","countryCode":"AU"},"Perth":{"countryName":"Australia","countryCode":"AU"},"Eucla":{"countryName":"Australia","countryCode":"AU"},"Baku":{"countryName":"Azerbaijan","countryCode":"AZ"},"Barbados":{"countryName":"Barbados","countryCode":"BB"},"Dhaka":{"countryName":"Bangladesh","countryCode":"BD"},"Brussels":{"countryName":"Belgium","countryCode":"BE"},"Sofia":{"countryName":"Bulgaria","countryCode":"BG"},"Bermuda":{"countryName":"Bermuda","countryCode":"BM"},"La_Paz":{"countryName":"Bolivia","countryCode":"BO"},"Noronha":{"countryName":"Brazil","countryCode":"BR"},"Belem":{"countryName":"Brazil","countryCode":"BR"},"Fortaleza":{"countryName":"Brazil","countryCode":"BR"},"Recife":{"countryName":"Brazil","countryCode":"BR"},"Araguaina":{"countryName":"Brazil","countryCode":"BR"},"Maceio":{"countryName":"Brazil","countryCode":"BR"},"Bahia":{"countryName":"Brazil","countryCode":"BR"},"Sao_Paulo":{"countryName":"Brazil","countryCode":"BR"},"Campo_Grande":{"countryName":"Brazil","countryCode":"BR"},"Cuiaba":{"countryName":"Brazil","countryCode":"BR"},"Santarem":{"countryName":"Brazil","countryCode":"BR"},"Porto_Velho":{"countryName":"Brazil","countryCode":"BR"},"Boa_Vista":{"countryName":"Brazil","countryCode":"BR"},"Manaus":{"countryName":"Brazil","countryCode":"BR"},"Eirunepe":{"countryName":"Brazil","countryCode":"BR"},"Rio_Branco":{"countryName":"Brazil","countryCode":"BR"},"Thimphu":{"countryName":"Bhutan","countryCode":"BT"},"Minsk":{"countryName":"Belarus","countryCode":"BY"},"Belize":{"countryName":"Belize","countryCode":"BZ"},"St_Johns":{"countryName":"Canada","countryCode":"CA"},"Halifax":{"countryName":"Canada","countryCode":"CA"},"Glace_Bay":{"countryName":"Canada","countryCode":"CA"},"Moncton":{"countryName":"Canada","countryCode":"CA"},"Goose_Bay":{"countryName":"Canada","countryCode":"CA"},"Toronto":{"countryName":"Canada","countryCode":"CA"},"Iqaluit":{"countryName":"Canada","countryCode":"CA"},"Winnipeg":{"countryName":"Canada","countryCode":"CA"},"Resolute":{"countryName":"Canada","countryCode":"CA"},"Rankin_Inlet":{"countryName":"Canada","countryCode":"CA"},"Regina":{"countryName":"Canada","countryCode":"CA"},"Swift_Current":{"countryName":"Canada","countryCode":"CA"},"Edmonton":{"countryName":"Canada","countryCode":"CA"},"Cambridge_Bay":{"countryName":"Canada","countryCode":"CA"},"Inuvik":{"countryName":"Canada","countryCode":"CA"},"Dawson_Creek":{"countryName":"Canada","countryCode":"CA"},"Fort_Nelson":{"countryName":"Canada","countryCode":"CA"},"Whitehorse":{"countryName":"Canada","countryCode":"CA"},"Dawson":{"countryName":"Canada","countryCode":"CA"},"Vancouver":{"countryName":"Canada","countryCode":"CA"},"Zurich":{"countryName":"Switzerland","countryCode":"CH"},"Abidjan":{"countryName":"Côte d'Ivoire","countryCode":"CI"},"Rarotonga":{"countryName":"Cook Islands","countryCode":"CK"},"Santiago":{"countryName":"Chile","countryCode":"CL"},"Punta_Arenas":{"countryName":"Chile","countryCode":"CL"},"Easter":{"countryName":"Chile","countryCode":"CL"},"Shanghai":{"countryName":"China","countryCode":"CN"},"Urumqi":{"countryName":"China","countryCode":"CN"},"Bogota":{"countryName":"Colombia","countryCode":"CO"},"Costa_Rica":{"countryName":"Costa Rica","countryCode":"CR"},"Havana":{"countryName":"Cuba","countryCode":"CU"},"Cape_Verde":{"countryName":"Cape Verde","countryCode":"CV"},"Nicosia":{"countryName":"Cyprus","countryCode":"CY"},"Famagusta":{"countryName":"Cyprus","countryCode":"CY"},"Prague":{"countryName":"Czech Republic","countryCode":"CZ"},"Berlin":{"countryName":"Germany","countryCode":"DE"},"Santo_Domingo":{"countryName":"Dominican Republic","countryCode":"DO"},"Algiers":{"countryName":"Algeria","countryCode":"DZ"},"Guayaquil":{"countryName":"Ecuador","countryCode":"EC"},"Galapagos":{"countryName":"Ecuador","countryCode":"EC"},"Tallinn":{"countryName":"Estonia","countryCode":"EE"},"Cairo":{"countryName":"Egypt","countryCode":"EG"},"El_Aaiun":{"countryName":"Western Sahara","countryCode":"EH"},"Madrid":{"countryName":"Spain","countryCode":"ES"},"Ceuta":{"countryName":"Spain","countryCode":"ES"},"Canary":{"countryName":"Spain","countryCode":"ES"},"Helsinki":{"countryName":"Finland","countryCode":"FI"},"Fiji":{"countryName":"Fiji","countryCode":"FJ"},"Stanley":{"countryName":"Falkland Islands","countryCode":"FK"},"Kosrae":{"countryName":"Micronesia","countryCode":"FM"},"Faroe":{"countryName":"Faroe Islands","countryCode":"FO"},"Paris":{"countryName":"France","countryCode":"FR"},"London":{"countryName":"Britain (UK)","countryCode":"GB"},"Tbilisi":{"countryName":"Georgia","countryCode":"GE"},"Cayenne":{"countryName":"French Guiana","countryCode":"GF"},"Gibraltar":{"countryName":"Gibraltar","countryCode":"GI"},"Nuuk":{"countryName":"Greenland","countryCode":"GL"},"Danmarkshavn":{"countryName":"Greenland","countryCode":"GL"},"Scoresbysund":{"countryName":"Greenland","countryCode":"GL"},"Thule":{"countryName":"Greenland","countryCode":"GL"},"Athens":{"countryName":"Greece","countryCode":"GR"},"South_Georgia":{"countryName":"South Georgia & the South Sandwich Islands","countryCode":"GS"},"Guatemala":{"countryName":"Guatemala","countryCode":"GT"},"Guam":{"countryName":"Guam","countryCode":"GU"},"Bissau":{"countryName":"Guinea-Bissau","countryCode":"GW"},"Guyana":{"countryName":"Guyana","countryCode":"GY"},"Hong_Kong":{"countryName":"Hong Kong","countryCode":"HK"},"Tegucigalpa":{"countryName":"Honduras","countryCode":"HN"},"Port-au-Prince":{"countryName":"Haiti","countryCode":"HT"},"Budapest":{"countryName":"Hungary","countryCode":"HU"},"Jakarta":{"countryName":"Indonesia","countryCode":"ID"},"Pontianak":{"countryName":"Indonesia","countryCode":"ID"},"Makassar":{"countryName":"Indonesia","countryCode":"ID"},"Jayapura":{"countryName":"Indonesia","countryCode":"ID"},"Dublin":{"countryName":"Ireland","countryCode":"IE"},"Jerusalem":{"countryName":"Israel","countryCode":"IL"},"Kolkata":{"countryName":"India","countryCode":"IN"},"Chagos":{"countryName":"British Indian Ocean Territory","countryCode":"IO"},"Baghdad":{"countryName":"Iraq","countryCode":"IQ"},"Tehran":{"countryName":"Iran","countryCode":"IR"},"Rome":{"countryName":"Italy","countryCode":"IT"},"Jamaica":{"countryName":"Jamaica","countryCode":"JM"},"Amman":{"countryName":"Jordan","countryCode":"JO"},"Tokyo":{"countryName":"Japan","countryCode":"JP"},"Nairobi":{"countryName":"Kenya","countryCode":"KE"},"Bishkek":{"countryName":"Kyrgyzstan","countryCode":"KG"},"Tarawa":{"countryName":"Kiribati","countryCode":"KI"},"Kanton":{"countryName":"Kiribati","countryCode":"KI"},"Kiritimati":{"countryName":"Kiribati","countryCode":"KI"},"Pyongyang":{"countryName":"Korea (North)","countryCode":"KP"},"Seoul":{"countryName":"Korea (South)","countryCode":"KR"},"Almaty":{"countryName":"Kazakhstan","countryCode":"KZ"},"Qyzylorda":{"countryName":"Kazakhstan","countryCode":"KZ"},"Qostanay":{"countryName":"Kazakhstan","countryCode":"KZ"},"Aqtobe":{"countryName":"Kazakhstan","countryCode":"KZ"},"Aqtau":{"countryName":"Kazakhstan","countryCode":"KZ"},"Atyrau":{"countryName":"Kazakhstan","countryCode":"KZ"},"Oral":{"countryName":"Kazakhstan","countryCode":"KZ"},"Beirut":{"countryName":"Lebanon","countryCode":"LB"},"Colombo":{"countryName":"Sri Lanka","countryCode":"LK"},"Monrovia":{"countryName":"Liberia","countryCode":"LR"},"Vilnius":{"countryName":"Lithuania","countryCode":"LT"},"Riga":{"countryName":"Latvia","countryCode":"LV"},"Tripoli":{"countryName":"Libya","countryCode":"LY"},"Casablanca":{"countryName":"Morocco","countryCode":"MA"},"Chisinau":{"countryName":"Moldova","countryCode":"MD"},"Kwajalein":{"countryName":"Marshall Islands","countryCode":"MH"},"Yangon":{"countryName":"Myanmar (Burma)","countryCode":"MM"},"Ulaanbaatar":{"countryName":"Mongolia","countryCode":"MN"},"Hovd":{"countryName":"Mongolia","countryCode":"MN"},"Choibalsan":{"countryName":"Mongolia","countryCode":"MN"},"Macau":{"countryName":"Macau","countryCode":"MO"},"Martinique":{"countryName":"Martinique","countryCode":"MQ"},"Malta":{"countryName":"Malta","countryCode":"MT"},"Mauritius":{"countryName":"Mauritius","countryCode":"MU"},"Maldives":{"countryName":"Maldives","countryCode":"MV"},"Mexico_City":{"countryName":"Mexico","countryCode":"MX"},"Cancun":{"countryName":"Mexico","countryCode":"MX"},"Merida":{"countryName":"Mexico","countryCode":"MX"},"Monterrey":{"countryName":"Mexico","countryCode":"MX"},"Matamoros":{"countryName":"Mexico","countryCode":"MX"},"Chihuahua":{"countryName":"Mexico","countryCode":"MX"},"Ciudad_Juarez":{"countryName":"Mexico","countryCode":"MX"},"Ojinaga":{"countryName":"Mexico","countryCode":"MX"},"Mazatlan":{"countryName":"Mexico","countryCode":"MX"},"Bahia_Banderas":{"countryName":"Mexico","countryCode":"MX"},"Hermosillo":{"countryName":"Mexico","countryCode":"MX"},"Tijuana":{"countryName":"Mexico","countryCode":"MX"},"Kuching":{"countryName":"Malaysia","countryCode":"MY"},"Maputo":{"countryName":"Mozambique","countryCode":"MZ"},"Windhoek":{"countryName":"Namibia","countryCode":"NA"},"Noumea":{"countryName":"New Caledonia","countryCode":"NC"},"Norfolk":{"countryName":"Norfolk Island","countryCode":"NF"},"Lagos":{"countryName":"Nigeria","countryCode":"NG"},"Managua":{"countryName":"Nicaragua","countryCode":"NI"},"Kathmandu":{"countryName":"Nepal","countryCode":"NP"},"Nauru":{"countryName":"Nauru","countryCode":"NR"},"Niue":{"countryName":"Niue","countryCode":"NU"},"Auckland":{"countryName":"New Zealand","countryCode":"NZ"},"Chatham":{"countryName":"New Zealand","countryCode":"NZ"},"Panama":{"countryName":"Panama","countryCode":"PA"},"Lima":{"countryName":"Peru","countryCode":"PE"},"Tahiti":{"countryName":"French Polynesia","countryCode":"PF"},"Marquesas":{"countryName":"French Polynesia","countryCode":"PF"},"Gambier":{"countryName":"French Polynesia","countryCode":"PF"},"Port_Moresby":{"countryName":"Papua New Guinea","countryCode":"PG"},"Bougainville":{"countryName":"Papua New Guinea","countryCode":"PG"},"Manila":{"countryName":"Philippines","countryCode":"PH"},"Karachi":{"countryName":"Pakistan","countryCode":"PK"},"Warsaw":{"countryName":"Poland","countryCode":"PL"},"Miquelon":{"countryName":"St Pierre & Miquelon","countryCode":"PM"},"Pitcairn":{"countryName":"Pitcairn","countryCode":"PN"},"Puerto_Rico":{"countryName":"Puerto Rico","countryCode":"PR"},"Gaza":{"countryName":"Palestine","countryCode":"PS"},"Hebron":{"countryName":"Palestine","countryCode":"PS"},"Lisbon":{"countryName":"Portugal","countryCode":"PT"},"Madeira":{"countryName":"Portugal","countryCode":"PT"},"Azores":{"countryName":"Portugal","countryCode":"PT"},"Palau":{"countryName":"Palau","countryCode":"PW"},"Asuncion":{"countryName":"Paraguay","countryCode":"PY"},"Qatar":{"countryName":"Qatar","countryCode":"QA"},"Bucharest":{"countryName":"Romania","countryCode":"RO"},"Belgrade":{"countryName":"Serbia","countryCode":"RS"},"Kaliningrad":{"countryName":"Russia","countryCode":"RU"},"Moscow":{"countryName":"Russia","countryCode":"RU"},"Simferopol":{"countryName":"Russia","countryCode":"RU"},"Kirov":{"countryName":"Russia","countryCode":"RU"},"Volgograd":{"countryName":"Russia","countryCode":"RU"},"Astrakhan":{"countryName":"Russia","countryCode":"RU"},"Saratov":{"countryName":"Russia","countryCode":"RU"},"Ulyanovsk":{"countryName":"Russia","countryCode":"RU"},"Samara":{"countryName":"Russia","countryCode":"RU"},"Yekaterinburg":{"countryName":"Russia","countryCode":"RU"},"Omsk":{"countryName":"Russia","countryCode":"RU"},"Novosibirsk":{"countryName":"Russia","countryCode":"RU"},"Barnaul":{"countryName":"Russia","countryCode":"RU"},"Tomsk":{"countryName":"Russia","countryCode":"RU"},"Novokuznetsk":{"countryName":"Russia","countryCode":"RU"},"Krasnoyarsk":{"countryName":"Russia","countryCode":"RU"},"Irkutsk":{"countryName":"Russia","countryCode":"RU"},"Chita":{"countryName":"Russia","countryCode":"RU"},"Yakutsk":{"countryName":"Russia","countryCode":"RU"},"Khandyga":{"countryName":"Russia","countryCode":"RU"},"Vladivostok":{"countryName":"Russia","countryCode":"RU"},"Ust-Nera":{"countryName":"Russia","countryCode":"RU"},"Magadan":{"countryName":"Russia","countryCode":"RU"},"Sakhalin":{"countryName":"Russia","countryCode":"RU"},"Srednekolymsk":{"countryName":"Russia","countryCode":"RU"},"Kamchatka":{"countryName":"Russia","countryCode":"RU"},"Anadyr":{"countryName":"Russia","countryCode":"RU"},"Riyadh":{"countryName":"Saudi Arabia","countryCode":"SA"},"Guadalcanal":{"countryName":"Solomon Islands","countryCode":"SB"},"Khartoum":{"countryName":"Sudan","countryCode":"SD"},"Singapore":{"countryName":"Singapore","countryCode":"SG"},"Paramaribo":{"countryName":"Suriname","countryCode":"SR"},"Juba":{"countryName":"South Sudan","countryCode":"SS"},"Sao_Tome":{"countryName":"Sao Tome & Principe","countryCode":"ST"},"El_Salvador":{"countryName":"El Salvador","countryCode":"SV"},"Damascus":{"countryName":"Syria","countryCode":"SY"},"Grand_Turk":{"countryName":"Turks & Caicos Is","countryCode":"TC"},"Ndjamena":{"countryName":"Chad","countryCode":"TD"},"Bangkok":{"countryName":"Thailand","countryCode":"TH"},"Dushanbe":{"countryName":"Tajikistan","countryCode":"TJ"},"Fakaofo":{"countryName":"Tokelau","countryCode":"TK"},"Dili":{"countryName":"East Timor","countryCode":"TL"},"Ashgabat":{"countryName":"Turkmenistan","countryCode":"TM"},"Tunis":{"countryName":"Tunisia","countryCode":"TN"},"Tongatapu":{"countryName":"Tonga","countryCode":"TO"},"Istanbul":{"countryName":"Turkey","countryCode":"TR"},"Taipei":{"countryName":"Taiwan","countryCode":"TW"},"Kyiv":{"countryName":"Ukraine","countryCode":"UA"},"New_York":{"countryName":"United States","countryCode":"US"},"Detroit":{"countryName":"United States","countryCode":"US"},"Louisville":{"countryName":"United States","countryCode":"US"},"Monticello":{"countryName":"United States","countryCode":"US"},"Indianapolis":{"countryName":"United States","countryCode":"US"},"Vincennes":{"countryName":"United States","countryCode":"US"},"Winamac":{"countryName":"United States","countryCode":"US"},"Marengo":{"countryName":"United States","countryCode":"US"},"Petersburg":{"countryName":"United States","countryCode":"US"},"Vevay":{"countryName":"United States","countryCode":"US"},"Chicago":{"countryName":"United States","countryCode":"US"},"Tell_City":{"countryName":"United States","countryCode":"US"},"Knox":{"countryName":"United States","countryCode":"US"},"Menominee":{"countryName":"United States","countryCode":"US"},"Center":{"countryName":"United States","countryCode":"US"},"New_Salem":{"countryName":"United States","countryCode":"US"},"Beulah":{"countryName":"United States","countryCode":"US"},"Denver":{"countryName":"United States","countryCode":"US"},"Boise":{"countryName":"United States","countryCode":"US"},"Phoenix":{"countryName":"United States","countryCode":"US"},"Los_Angeles":{"countryName":"United States","countryCode":"US"},"Anchorage":{"countryName":"United States","countryCode":"US"},"Juneau":{"countryName":"United States","countryCode":"US"},"Sitka":{"countryName":"United States","countryCode":"US"},"Metlakatla":{"countryName":"United States","countryCode":"US"},"Yakutat":{"countryName":"United States","countryCode":"US"},"Nome":{"countryName":"United States","countryCode":"US"},"Adak":{"countryName":"United States","countryCode":"US"},"Honolulu":{"countryName":"United States","countryCode":"US"},"Montevideo":{"countryName":"Uruguay","countryCode":"UY"},"Samarkand":{"countryName":"Uzbekistan","countryCode":"UZ"},"Tashkent":{"countryName":"Uzbekistan","countryCode":"UZ"},"Caracas":{"countryName":"Venezuela","countryCode":"VE"},"Ho_Chi_Minh":{"countryName":"Vietnam","countryCode":"VN"},"Efate":{"countryName":"Vanuatu","countryCode":"VU"},"Apia":{"countryName":"Samoa (western)","countryCode":"WS"},"Johannesburg":{"countryName":"South Africa","countryCode":"ZA"},"Antigua":{"countryName":"Antigua & Barbuda","countryCode":"AG"},"Anguilla":{"countryName":"Anguilla","countryCode":"AI"},"Luanda":{"countryName":"Angola","countryCode":"AO"},"McMurdo":{"countryName":"Antarctica","countryCode":"AQ"},"DumontDUrville":{"countryName":"Antarctica","countryCode":"AQ"},"Syowa":{"countryName":"Antarctica","countryCode":"AQ"},"Vostok":{"countryName":"Antarctica","countryCode":"AQ"},"Aruba":{"countryName":"Aruba","countryCode":"AW"},"Mariehamn":{"countryName":"Åland Islands","countryCode":"AX"},"Sarajevo":{"countryName":"Bosnia & Herzegovina","countryCode":"BA"},"Ouagadougou":{"countryName":"Burkina Faso","countryCode":"BF"},"Bahrain":{"countryName":"Bahrain","countryCode":"BH"},"Bujumbura":{"countryName":"Burundi","countryCode":"BI"},"Porto-Novo":{"countryName":"Benin","countryCode":"BJ"},"St_Barthelemy":{"countryName":"St Barthelemy","countryCode":"BL"},"Brunei":{"countryName":"Brunei","countryCode":"BN"},"Kralendijk":{"countryName":"Caribbean NL","countryCode":"BQ"},"Nassau":{"countryName":"Bahamas","countryCode":"BS"},"Gaborone":{"countryName":"Botswana","countryCode":"BW"},"Blanc-Sablon":{"countryName":"Canada","countryCode":"CA"},"Atikokan":{"countryName":"Canada","countryCode":"CA"},"Creston":{"countryName":"Canada","countryCode":"CA"},"Cocos":{"countryName":"Cocos (Keeling) Islands","countryCode":"CC"},"Kinshasa":{"countryName":"Congo (Dem. Rep.)","countryCode":"CD"},"Lubumbashi":{"countryName":"Congo (Dem. Rep.)","countryCode":"CD"},"Bangui":{"countryName":"Central African Rep.","countryCode":"CF"},"Brazzaville":{"countryName":"Congo (Rep.)","countryCode":"CG"},"Douala":{"countryName":"Cameroon","countryCode":"CM"},"Curacao":{"countryName":"Curaçao","countryCode":"CW"},"Christmas":{"countryName":"Christmas Island","countryCode":"CX"},"Busingen":{"countryName":"Germany","countryCode":"DE"},"Djibouti":{"countryName":"Djibouti","countryCode":"DJ"},"Copenhagen":{"countryName":"Denmark","countryCode":"DK"},"Dominica":{"countryName":"Dominica","countryCode":"DM"},"Asmara":{"countryName":"Eritrea","countryCode":"ER"},"Addis_Ababa":{"countryName":"Ethiopia","countryCode":"ET"},"Chuuk":{"countryName":"Micronesia","countryCode":"FM"},"Pohnpei":{"countryName":"Micronesia","countryCode":"FM"},"Libreville":{"countryName":"Gabon","countryCode":"GA"},"Grenada":{"countryName":"Grenada","countryCode":"GD"},"Guernsey":{"countryName":"Guernsey","countryCode":"GG"},"Accra":{"countryName":"Ghana","countryCode":"GH"},"Banjul":{"countryName":"Gambia","countryCode":"GM"},"Conakry":{"countryName":"Guinea","countryCode":"GN"},"Guadeloupe":{"countryName":"Guadeloupe","countryCode":"GP"},"Malabo":{"countryName":"Equatorial Guinea","countryCode":"GQ"},"Zagreb":{"countryName":"Croatia","countryCode":"HR"},"Isle_of_Man":{"countryName":"Isle of Man","countryCode":"IM"},"Reykjavik":{"countryName":"Iceland","countryCode":"IS"},"Jersey":{"countryName":"Jersey","countryCode":"JE"},"Phnom_Penh":{"countryName":"Cambodia","countryCode":"KH"},"Comoro":{"countryName":"Comoros","countryCode":"KM"},"St_Kitts":{"countryName":"St Kitts & Nevis","countryCode":"KN"},"Kuwait":{"countryName":"Kuwait","countryCode":"KW"},"Cayman":{"countryName":"Cayman Islands","countryCode":"KY"},"Vientiane":{"countryName":"Laos","countryCode":"LA"},"St_Lucia":{"countryName":"St Lucia","countryCode":"LC"},"Vaduz":{"countryName":"Liechtenstein","countryCode":"LI"},"Maseru":{"countryName":"Lesotho","countryCode":"LS"},"Luxembourg":{"countryName":"Luxembourg","countryCode":"LU"},"Monaco":{"countryName":"Monaco","countryCode":"MC"},"Podgorica":{"countryName":"Montenegro","countryCode":"ME"},"Marigot":{"countryName":"St Martin (French)","countryCode":"MF"},"Antananarivo":{"countryName":"Madagascar","countryCode":"MG"},"Majuro":{"countryName":"Marshall Islands","countryCode":"MH"},"Skopje":{"countryName":"North Macedonia","countryCode":"MK"},"Bamako":{"countryName":"Mali","countryCode":"ML"},"Saipan":{"countryName":"Northern Mariana Islands","countryCode":"MP"},"Nouakchott":{"countryName":"Mauritania","countryCode":"MR"},"Montserrat":{"countryName":"Montserrat","countryCode":"MS"},"Blantyre":{"countryName":"Malawi","countryCode":"MW"},"Kuala_Lumpur":{"countryName":"Malaysia","countryCode":"MY"},"Niamey":{"countryName":"Niger","countryCode":"NE"},"Amsterdam":{"countryName":"Netherlands","countryCode":"NL"},"Oslo":{"countryName":"Norway","countryCode":"NO"},"Muscat":{"countryName":"Oman","countryCode":"OM"},"Reunion":{"countryName":"Réunion","countryCode":"RE"},"Kigali":{"countryName":"Rwanda","countryCode":"RW"},"Mahe":{"countryName":"Seychelles","countryCode":"SC"},"Stockholm":{"countryName":"Sweden","countryCode":"SE"},"St_Helena":{"countryName":"St Helena","countryCode":"SH"},"Ljubljana":{"countryName":"Slovenia","countryCode":"SI"},"Longyearbyen":{"countryName":"Svalbard & Jan Mayen","countryCode":"SJ"},"Bratislava":{"countryName":"Slovakia","countryCode":"SK"},"Freetown":{"countryName":"Sierra Leone","countryCode":"SL"},"San_Marino":{"countryName":"San Marino","countryCode":"SM"},"Dakar":{"countryName":"Senegal","countryCode":"SN"},"Mogadishu":{"countryName":"Somalia","countryCode":"SO"},"Lower_Princes":{"countryName":"St Maarten (Dutch)","countryCode":"SX"},"Mbabane":{"countryName":"Eswatini (Swaziland)","countryCode":"SZ"},"Kerguelen":{"countryName":"French S. Terr.","countryCode":"TF"},"Lome":{"countryName":"Togo","countryCode":"TG"},"Port_of_Spain":{"countryName":"Trinidad & Tobago","countryCode":"TT"},"Funafuti":{"countryName":"Tuvalu","countryCode":"TV"},"Dar_es_Salaam":{"countryName":"Tanzania","countryCode":"TZ"},"Kampala":{"countryName":"Uganda","countryCode":"UG"},"Midway":{"countryName":"US minor outlying islands","countryCode":"UM"},"Wake":{"countryName":"US minor outlying islands","countryCode":"UM"},"Vatican":{"countryName":"Vatican City","countryCode":"VA"},"St_Vincent":{"countryName":"St Vincent","countryCode":"VC"},"Tortola":{"countryName":"Virgin Islands (UK)","countryCode":"VG"},"St_Thomas":{"countryName":"Virgin Islands (US)","countryCode":"VI"},"Wallis":{"countryName":"Wallis & Futuna","countryCode":"WF"},"Aden":{"countryName":"Yemen","countryCode":"YE"},"Mayotte":{"countryName":"Mayotte","countryCode":"YT"},"Lusaka":{"countryName":"Zambia","countryCode":"ZM"},"Harare":{"countryName":"Zimbabwe","countryCode":"ZW"}}
